City_ID,City,Lat,Lng,Max Temp,Humidity,Cloudiness,Wind Speed,Country,Date
0,iqaluit,63.7506,-68.5145,-11.15,73,75,6.17,CA,1712494767
1,puerto natales,-51.7236,-72.4875,6.25,61,40,7.72,CL,1712494772
2,tura,25.5198,90.2201,29.25,23,100,0.66,IN,1712494778
3,carnarvon,-24.8667,113.6333,24.45,74,0,9.51,AU,1712494641
4,isafjordur,66.0755,-23.124,-1.98,74,75,10.8,IS,1712494784
5,puerto ayora,-0.7393,-90.3518,24.19,99,84,2.01,EC,1712494789
6,ushuaia,-54.8,-68.3,5.81,56,40,5.14,AR,1712494562
7,horta,38.5333,-28.6333,17.8,88,40,9.77,PT,1712494801
8,kangding,30.0513,101.9603,6.84,99,100,0.64,CN,1712494799
9,turpan,42.9333,89.1667,20.2,17,4,2.0,CN,1712494811
10,palikir - national government center,6.9248,158.1611,27.41,83,100,4.63,FM,1712494815
11,edinburgh of the seven seas,-37.0676,-12.3116,18.82,94,100,9.84,SH,1712494821
12,invercargill,-46.4,168.35,7.31,98,38,1.37,NZ,1712494061
13,qarqaraly,49.4058,75.4742,8.97,72,100,4.68,KZ,1712494831
14,punta arenas,-53.15,-70.9167,5.06,70,20,11.83,CL,1712494840
15,grytviken,-54.2811,-36.5092,5.28,97,99,6.99,GS,1712494845
16,adamstown,-25.066,-130.1015,22.58,75,76,4.25,PN,1712494743
17,ilulissat,69.2167,-51.1,-4.99,68,75,2.57,GL,1712494854
18,freetown,8.484,-13.2299,29.62,63,89,4.08,SL,1712494858
19,kununurra,-15.7667,128.7333,24.99,83,30,0.0,AU,1712494863
20,blackmans bay,-43.0167,147.3167,13.07,94,100,0.89,AU,1712494868
21,bani mazar,28.5036,30.8004,27.4,18,0,7.68,EG,1712494866
22,stanley,54.868,-1.6985,14.84,57,40,11.83,GB,1712494878
23,port-aux-francais,-49.35,70.2167,5.55,67,100,7.77,TF,1712494882
24,luwuk,-0.9516,122.7875,24.19,92,100,1.65,ID,1712494886
25,tolanaro,-25.0319,46.9987,27.04,83,20,4.12,MG,1712494891
26,avarua,-21.2078,-159.775,24.03,100,100,1.03,CK,1712494895
27,ancud,-41.8697,-73.8203,11.35,97,100,1.38,CL,1712494827
28,yuzhno-kurilsk,44.0306,145.8556,2.43,88,100,3.53,RU,1712494902
29,west island,-12.1568,96.8225,28.99,79,40,4.12,CC,1712494906
30,albany,42.6001,-73.9662,5.05,73,63,1.79,US,1712494802
31,kavaratti,10.5669,72.642,29.65,70,83,3.38,IN,1712494914
32,saint-joseph,-21.3667,55.6167,28.21,81,28,2.26,RE,1712494918
33,keflavik,64.0049,-22.5624,2.24,60,75,14.92,IS,1712494873
34,badger,64.8,-147.5333,-1.47,82,100,1.47,US,1712494925
35,tazovsky,67.4667,78.7,-5.78,83,100,10.08,RU,1712494929
36,viedma,-40.8135,-62.9967,20.78,40,25,3.82,AR,1712494829
37,el granada,37.5027,-122.4694,9.5,88,0,2.57,US,1712494730
38,papatowai,-46.5619,169.4708,9.46,95,100,2.57,NZ,1712494939
39,ghat,24.9647,10.1728,33.54,9,0,5.94,LY,1712494943
40,port mathurin,-19.6833,63.4167,27.39,78,16,5.39,MU,1712494866
41,leua,48.2156,18.6071,26.39,54,100,3.02,SK,1712494951
42,smiths falls,44.9001,-76.0161,6.03,80,4,3.15,CA,1712494954
43,iskateley,67.6803,53.1512,-5.55,88,100,6.26,RU,1712494958
44,dryden,49.7833,-92.7503,0.16,47,20,3.6,CA,1712494812
45,thayetmyo,19.3167,95.1833,36.42,28,0,5.23,MM,1712494966
46,hasaki,35.7333,140.8333,16.27,92,100,3.6,JP,1712494970
47,nicoya,10.1483,-85.452,26.37,77,100,2.59,CR,1712494974
48,saudarkrokur,65.7461,-19.6394,-1.08,86,100,13.09,IS,1712494829
49,huilong,31.8111,121.655,9.99,89,100,3.76,CN,1712494892
50,constitucion,-35.3333,-72.4167,15.5,63,23,1.77,CL,1712494826
51,bethel,41.3712,-73.414,7.2,67,21,1.79,US,1712494978
52,freeport,40.6576,-73.5832,8.04,65,100,5.36,US,1712494713
53,port elizabeth,-33.918,25.5701,20.05,82,20,6.17,ZA,1712494699
54,hermanus,-34.4187,19.2345,16.0,84,100,13.86,ZA,1712495001
55,sisimiut,66.9395,-53.6735,-3.62,78,100,2.44,GL,1712495005
56,vadso,70.0744,29.7487,-2.51,74,75,4.12,NO,1712495009
57,sooke,48.3746,-123.7276,8.09,86,97,1.03,CA,1712495013
58,khash,28.2211,61.2158,27.55,8,4,1.19,IR,1712495017
59,ohara,35.25,140.3833,16.21,94,98,2.05,JP,1712495021
60,belmonte,-15.8631,-38.8828,28.16,57,0,4.87,BR,1712494925
61,hawaiian paradise park,19.5933,-154.9731,17.72,89,95,1.68,US,1712495030
62,mokhotlong,-29.2894,29.0675,10.99,84,98,3.14,LS,1712495035
63,egersund,58.4513,5.9997,10.21,90,100,7.76,NO,1712495039
64,belle fourche,44.6714,-103.8522,2.41,86,100,3.57,US,1712495043
65,suwayr,30.1171,40.3893,26.52,14,0,7.82,SA,1712495046
66,mongo,12.1844,18.693,39.62,19,30,3.73,TD,1712495050
67,mogocha,53.7333,119.7667,-15.3,96,25,1.25,RU,1712495058
68,pisco,-13.7,-76.2167,20.57,88,97,1.54,PE,1712494951
69,pangody,65.85,74.4859,-4.84,80,100,12.0,RU,1712495065
70,bahia de kino,28.8333,-111.9333,15.52,57,0,5.92,MX,1712494836
71,pathein,16.7833,94.7333,27.23,81,0,4.51,MM,1712495072
72,hilo,19.7297,-155.09,18.68,93,40,2.57,US,1712495076
73,qarauyl,48.9451,79.255,12.94,58,100,3.7,KZ,1712495079
74,georgetown,5.4112,100.3354,31.97,45,20,2.68,MY,1712495083
75,waitangi,-43.9535,-176.5597,11.57,83,84,2.68,NZ,1712495086
76,nar'yan-mar,67.6713,53.087,-5.5,88,100,6.26,RU,1712495090
77,reggane,26.7158,0.1714,38.26,5,0,0.82,DZ,1712495066
78,itaituba,-4.2761,-55.9836,27.09,89,75,2.06,BR,1712494906
79,hamilton,39.1834,-84.5333,9.3,78,4,1.34,US,1712494893
80,newman,37.3138,-121.0208,7.38,89,4,0.45,US,1712495102
81,alice springs,-23.7,133.8833,14.75,63,100,0.0,AU,1712494818
82,kikwit,-5.041,18.8162,26.75,72,100,0.75,CD,1712495109
83,east london,-33.0153,27.9116,18.52,94,100,6.17,ZA,1712494864
84,udachny,66.4167,112.4,-4.2,93,100,6.22,RU,1712495116
85,dunedin,-45.8742,170.5036,10.45,91,73,0.45,NZ,1712494833
86,talara,-4.5772,-81.2719,25.42,69,0,7.2,PE,1712495123
87,micoud,13.8167,-60.9,28.99,73,40,8.23,LC,1712495127
88,buriti bravo,-5.8372,-43.8336,26.26,88,100,2.09,BR,1712495118
89,moca,19.5,-70.5,23.03,78,40,0.0,DO,1712495134
90,pushkino,56.0172,37.8667,13.16,96,100,1.85,RU,1712494938
91,nguigmi,14.2495,13.1092,36.63,11,76,5.5,NE,1712495141
92,bodaybo,57.8506,114.1933,-15.83,92,48,1.76,RU,1712495144
93,castro,-24.7911,-50.0119,20.22,73,100,3.92,BR,1712495100
94,cutral-co,-38.9469,-69.2089,14.95,10,26,1.99,AR,1712495152
95,sitka,57.0531,-135.33,4.94,60,100,9.26,US,1712495156
96,jumla,29.2747,82.1838,8.89,27,65,2.69,NP,1712494888
97,margaret river,-33.95,115.0667,16.29,77,1,7.77,AU,1712494901
98,happy valley-goose bay,53.3168,-60.3315,0.17,55,20,1.03,CA,1712495170
99,wenling,28.3669,121.36,13.16,93,100,2.21,CN,1712495174
100,necochea,-38.5473,-58.7368,20.32,57,2,6.86,AR,1712495084
101,kharp,66.8014,65.8081,-4.6,97,100,5.33,RU,1712495182
102,enewetak,11.3474,162.3373,27.39,78,100,9.51,MH,1712495186
103,watsa,3.0372,29.5355,22.28,92,100,1.66,CD,1712495191
104,filey,54.21,-0.2892,15.03,66,2,6.26,GB,1712495195
105,chibougamau,49.9168,-74.3659,-0.21,64,0,2.57,CA,1712495199
106,susanville,40.4163,-120.653,-2.09,88,100,0.0,US,1712495003
107,castillos,-34.1667,-53.8333,18.05,79,100,1.58,UY,1712495207
108,utrik,11.2278,169.8474,26.84,79,100,9.59,MH,1712495210
109,tual,-5.6667,132.75,28.32,78,100,1.85,ID,1712495214
110,kourou,5.1552,-52.6478,31.03,67,71,4.42,GF,1712495217
111,touros,-5.1989,-35.4608,30.86,65,60,4.58,BR,1712495215
112,saldanha,-33.0117,17.9442,19.03,71,100,10.86,ZA,1712495127
113,praia da vitoria,38.7333,-27.0667,18.75,80,99,4.95,PT,1712495228
114,arkhangel'sk,64.5401,40.5433,-1.94,74,75,5.0,RU,1712495151
115,wailua homesteads,22.0669,-159.378,21.24,89,100,7.72,US,1712495235
116,kpandu,6.9954,0.2931,32.26,56,22,2.45,GH,1712495238
117,moyynkum,44.2914,72.9469,18.91,39,100,1.3,KZ,1712495241
118,broken hill,-31.95,141.4333,16.71,44,48,3.12,AU,1712494946
119,kodiak,57.79,-152.4072,0.73,93,100,3.09,US,1712495248
120,lanzhou,36.0564,103.7922,15.75,41,8,2.29,CN,1712495252
121,kirensk,57.7853,108.1119,-5.58,96,57,1.34,RU,1712495255
122,longyearbyen,78.2186,15.6401,-18.09,65,0,1.54,SJ,1712495258
123,benguela,-12.5763,13.4055,28.94,72,100,4.01,AO,1712495261
124,yerofey pavlovich,53.9667,121.9667,-16.55,94,11,1.83,RU,1712495264
125,acu,-5.5767,-36.9086,31.26,57,100,2.17,BR,1712495116
126,dolores,-36.3132,-57.6792,20.83,61,0,3.6,AR,1712495271
127,alofi,-19.0595,-169.9187,24.94,94,75,5.66,NU,1712495275
128,jackson,42.4165,-122.8345,5.93,91,100,1.54,US,1712495127
129,rio grande,-32.035,-52.0986,22.06,85,100,7.21,BR,1712495282
130,urengoy,65.9667,78.3667,-5.31,79,100,9.97,RU,1712495286
131,tiksi,71.6872,128.8694,-8.33,67,100,7.75,RU,1712495289
132,papao,-17.75,-149.55,26.82,80,100,5.33,PF,1712495226
133,al kharijah,25.4514,30.5464,28.47,12,0,7.96,EG,1712495300
134,fortaleza,-3.7227,-38.5247,30.6,89,75,3.6,BR,1712495189
135,lagoa,39.05,-27.9833,14.92,86,100,5.16,PT,1712495316
136,hsinchu,24.8036,120.9686,24.92,89,100,0.89,TW,1712495248
137,nadi,-17.8,177.4167,25.0,83,20,2.57,FJ,1712495291
138,burela de cabo,43.65,-7.4,14.21,61,19,2.99,ES,1712495329
139,saipan,15.1355,145.701,27.39,78,40,7.72,MP,1712495116
140,rio gallegos,-51.6226,-69.2181,7.03,45,0,8.75,AR,1712495084
141,greenville,35.6127,-77.3663,11.19,57,0,3.6,US,1712495209
142,demopolis,32.5176,-87.8364,11.39,73,100,2.73,US,1712495353
143,genhe,50.7833,121.5167,-14.27,85,10,1.61,CN,1712495357
144,port saint john's,-31.6229,29.5448,19.62,87,100,6.4,ZA,1712495361
145,kyzyl-suu,42.3414,78.0056,5.99,69,100,2.37,KG,1712495365
146,nadym,65.5333,72.5167,-4.46,80,100,13.35,RU,1712495369
147,uturoa,-16.7333,-151.4333,29.09,77,100,4.13,PF,1712495373
148,nuuk,64.1835,-51.7216,-1.66,80,40,3.09,GL,1712495376
149,constantia,44.1833,28.65,15.39,83,47,3.86,RO,1712495339
150,ribeira grande,38.5167,-28.7,18.22,88,40,9.77,PT,1712495383
151,calliope,-24.0,151.2,22.91,94,100,1.54,AU,1712495387
152,lerwick,60.1545,-1.1494,10.0,76,87,11.3,GB,1712495266
153,whitehorse,60.7161,-135.0538,-8.83,91,91,2.73,CA,1712495220
154,ishigaki,24.3448,124.1572,24.82,87,100,5.3,JP,1712495398
155,jose pedro varela,-33.45,-54.5333,17.39,85,99,4.99,UY,1712495401
156,dudinka,69.4058,86.1778,-7.4,89,100,8.05,RU,1712495405
157,thompson,55.7435,-97.8558,0.31,97,100,2.08,CA,1712495457
158,talnakh,69.4865,88.3972,-7.66,94,100,4.61,RU,1712495465
159,zhalantun,48.0,122.7167,-4.9,42,0,8.46,CN,1712495469
160,piton saint-leu,-21.2196,55.3151,27.06,74,0,5.66,RE,1712495229
161,obudu,6.6674,9.1716,38.44,32,18,1.8,NG,1712495475
162,corpus christi,27.8006,-97.3964,23.32,94,100,2.57,US,1712495463
163,marka,1.7159,44.7717,30.88,62,98,5.79,SO,1712495447
164,mantua,45.1667,10.7833,25.61,55,100,2.68,IT,1712495485
165,diglur,18.55,77.6,36.97,19,100,6.47,IN,1712495489
166,petropavlovsk-kamchatsky,53.0452,158.6483,0.43,73,98,5.81,RU,1712495493
167,tubarjal,30.4999,38.216,24.54,18,0,4.67,SA,1712495496
168,jamestown,42.097,-79.2353,6.12,80,0,0.45,US,1712495499
169,nova sintra,14.8667,-24.7167,23.9,72,3,6.02,CV,1712495503
170,shohimardon,39.9839,71.8028,14.43,70,40,0.67,UZ,1712495506
171,dalbandin,28.8947,64.4101,31.22,6,0,3.4,PK,1712495512
172,pingliang,35.5392,106.6861,11.49,67,42,2.16,CN,1712495516
173,malabar,-33.9667,151.25,19.88,81,0,1.03,AU,1712495520
174,babu,24.4167,111.5167,17.48,96,97,1.68,CN,1712495525
175,ketchikan,55.3422,-131.6461,4.26,87,100,7.72,US,1712495529
176,pekalongan,-6.8886,109.6753,27.6,76,100,1.02,ID,1712495533
177,qaqortoq,60.7167,-46.0333,-1.79,95,100,2.35,GL,1712495538
178,anadyr,64.75,177.4833,-21.67,83,0,5.0,RU,1712495542
179,matthew town,20.95,-73.6667,25.52,78,45,4.44,BS,1712495548
180,ierapetra,35.01,25.7353,23.41,61,100,1.34,GR,1712495553
181,posto fiscal rolim de moura,-13.0833,-62.2667,25.81,88,95,2.25,BR,1712495557
182,lebu,-37.6167,-73.65,13.06,79,100,3.16,CL,1712495562
183,utete,-7.986,38.758,28.08,90,100,1.89,TZ,1712495467
184,masvingo,-20.0637,30.8277,21.61,75,100,3.85,ZW,1712495575
185,el calafate,-50.3408,-72.2768,4.44,61,0,2.62,AR,1712495582
186,port alfred,-33.5906,26.891,18.43,91,100,3.13,ZA,1712495594
187,vorgashor,67.5833,63.95,-7.33,87,100,7.34,RU,1712495601
188,pimampiro,0.4,-77.9667,18.57,69,99,2.96,EC,1712495607
189,crane,31.3974,-102.3501,10.41,20,100,2.16,US,1712495614
190,tevriz,57.509,72.4042,-0.91,66,41,3.53,RU,1712495345
191,inarajan village,13.2736,144.7484,27.54,88,65,8.0,GU,1712495628
192,yellowknife,62.456,-114.3525,-0.8,96,100,5.36,CA,1712495635
193,basavakalyan,17.8667,76.95,37.51,14,100,5.22,IN,1712495643
194,n'dalatando,-9.2978,14.9116,25.55,83,98,1.23,AO,1712495650
195,porto murtinho,-21.6989,-57.8825,32.44,47,12,3.91,BR,1712495477
196,suva,-18.1416,178.4415,25.24,87,96,4.21,FJ,1712495620
197,marquette,46.5333,-87.6335,2.1,68,5,1.34,US,1712495666
198,guane,22.2025,-84.0875,21.04,57,0,2.45,CU,1712495671
199,obigarm,38.7173,69.7088,9.64,64,0,2.84,TJ,1712495675
200,whitefish,48.4111,-114.3376,2.72,95,100,6.17,US,1712495680
201,sinabang,2.4803,96.3801,27.56,82,99,1.95,ID,1712495685
202,hithadhoo,-0.6,73.0833,29.16,73,100,1.44,MV,1712495692
203,lida,53.8833,25.2997,15.72,59,100,4.8,BY,1712495698
204,kapuskasing,49.4169,-82.4331,0.64,88,37,0.88,CA,1712495704
205,george town,5.4112,100.3354,30.96,58,20,1.54,MY,1712495432
206,krasnoturansk,54.3186,91.5639,4.02,88,100,7.15,RU,1712495714
207,kaa-khem,51.6833,94.7333,12.45,69,100,1.35,RU,1712495720
208,klyuchi,52.2667,79.1667,3.83,74,100,5.25,RU,1712495732
209,rongelap,11.1635,166.8941,27.06,77,70,8.89,MH,1712495738
210,general conesa,-40.1,-64.4333,19.8,37,5,1.72,AR,1712495743
211,bilibino,68.0546,166.4372,-16.12,99,100,1.05,RU,1712495749
212,coquimbo,-29.9533,-71.3436,16.23,81,0,1.64,CL,1712495499
213,murghob,38.1702,73.9667,-4.81,43,0,3.4,TJ,1712495762
214,yasnyy,51.0333,59.8742,13.34,66,99,3.88,RU,1712495767
215,campos belos,-13.0367,-46.7717,26.4,71,77,1.67,BR,1712495772
216,galliano,29.4422,-90.2992,22.0,83,100,2.06,US,1712495777
217,klaksvik,62.2266,-6.589,7.51,93,100,18.5,FO,1712495782
218,bredasdorp,-34.5322,20.0403,17.32,84,100,12.78,ZA,1712495797
219,zywiec,49.6853,19.1924,25.04,100,86,3.48,PL,1712495805
220,kavieng,-2.5744,150.7967,27.56,80,100,3.12,PG,1712495816
221,old town,50.087,14.4202,29.98,25,0,4.63,CZ,1712495669
222,kittila,67.6647,24.8936,-2.99,80,100,5.14,FI,1712495836
223,llallagua,-18.4167,-66.6333,11.12,57,33,0.5,BO,1712495846
224,zaragoza,41.6561,-0.8773,28.6,41,0,3.6,ES,1712495644
225,san patricio,28.017,-97.5169,23.92,89,100,2.06,US,1712495865
226,natal,-5.795,-35.2094,32.36,62,75,3.09,BR,1712495686
227,lihue,21.9789,-159.3672,21.58,86,100,7.72,US,1712495881
228,basco,20.4487,121.9702,27.84,81,37,7.19,PH,1712495889
229,volchikha,52.0333,80.3833,7.21,77,100,4.92,RU,1712495898
230,bathsheba,13.2167,-59.5167,29.34,70,40,7.72,BB,1712495906
231,likhovskoy,48.1519,40.1792,20.38,42,37,2.42,RU,1712495917
232,neryungri,56.6709,124.6491,-16.01,98,100,2.54,RU,1712495927
233,aswan,24.0934,32.907,30.87,8,100,7.42,EG,1712495430
234,queenstown,-31.8976,26.8753,14.22,92,100,4.92,ZA,1712495954
235,taoudenni,22.6783,-3.9836,39.95,5,0,0.93,ML,1712495964
236,san pedro,14.35,121.0167,29.64,69,20,2.57,PH,1712495764
237,wiwili,13.6268,-85.8254,24.98,82,99,1.82,NI,1712495980
238,mezhdurechenskiy,59.6,65.9333,0.91,52,100,6.17,RU,1712495988
239,praia,14.9215,-23.5087,26.3,57,0,9.26,CV,1712495997
240,gravenhurst,44.9168,-79.3663,6.97,72,1,0.99,CA,1712495739
241,namibe,-15.1961,12.1522,25.55,71,97,3.39,AO,1712496013
242,howard springs,-12.497,131.047,27.95,96,18,1.24,AU,1712496021
243,fort irwin,35.2627,-116.6848,3.74,56,0,3.09,US,1712496028
244,arraial do cabo,-22.9661,-42.0278,24.92,83,75,1.03,BR,1712495892
245,okha,53.5739,142.9478,0.7,90,100,3.13,RU,1712496040
246,naze,28.3667,129.4833,19.51,92,100,2.53,JP,1712496045
247,general pico,-35.6566,-63.7568,18.09,70,0,3.01,AR,1712496051
248,zouerate,22.7187,-12.4521,28.81,24,0,6.59,MR,1712496057
249,luderitz,-26.6481,15.1594,18.66,68,0,4.32,,1712496064
250,achinsk,56.2694,90.4993,-1.28,89,100,5.81,RU,1712496078
251,nemuro,43.3236,145.575,4.31,99,100,6.38,JP,1712496084
252,aioun,16.6614,-9.6149,41.05,8,10,4.1,MR,1712496081
253,mejit,10.2753,170.8646,26.92,80,100,9.75,MH,1712496115
254,krasnozavodsk,56.45,38.2167,5.53,89,100,2.14,RU,1712496126
255,salida,37.7058,-121.0849,7.95,88,75,2.06,US,1712496132
256,tazacorte,28.629,-17.9293,21.54,75,20,5.66,ES,1712496138
257,college,64.8569,-147.8028,-1.07,72,100,2.06,US,1712496145
258,ciudad rodrigo,40.6,-6.5333,16.54,51,4,2.41,ES,1712496153
259,mahina,-17.5065,-149.489,26.87,74,40,0.51,PF,1712496159
260,prado,-17.3411,-39.2208,28.56,52,57,3.18,BR,1712496098
261,barabai,-2.5833,115.3833,24.64,92,100,0.92,ID,1712496176
262,axim,4.8699,-2.2405,30.35,68,100,3.72,GH,1712496182
263,cestos city,5.46,-9.5828,30.24,66,100,3.36,LR,1712496070
264,new norfolk,-42.7826,147.0587,13.73,99,26,1.15,AU,1712496201
265,redan,33.7454,-84.1316,10.77,55,5,3.62,US,1712496209
266,radhanpur,23.8333,71.6,35.28,14,0,6.31,IN,1712496215
267,port blair,11.6667,92.75,30.02,74,20,1.03,IN,1712496222
268,ilha de mocambique,-15.0342,40.7358,29.28,72,43,6.2,MZ,1712496229
269,ad dilam,23.9915,47.1627,35.23,20,98,3.69,SA,1712496240
270,severo-yeniseyskiy,60.3725,93.0408,-9.12,87,100,4.92,RU,1712496248
271,ciudad lazaro cardenas,17.9583,-102.2,22.08,53,0,1.62,MX,1712496255
272,toccoa,34.5773,-83.3324,11.08,55,0,3.09,US,1712496262
273,ribeira brava,32.65,-17.0667,22.06,64,0,4.78,PT,1712496269
274,ceeldheer,3.8488,47.1806,31.16,55,23,6.88,SO,1712496276
275,port lincoln,-34.7333,135.8667,15.63,66,85,2.67,AU,1712496282
276,porangatu,-13.4408,-49.1486,23.22,95,100,0.56,BR,1712496294
277,bay roberts,47.5999,-53.2648,4.17,84,100,5.81,CA,1712496301
278,srandakan,-7.9386,110.2506,26.42,86,96,0.66,ID,1712496308
279,huautla de jimenez,18.1315,-96.8409,16.9,71,0,1.77,MX,1712496313
280,zhaqsy,51.9083,67.3133,3.99,97,100,5.56,KZ,1712496319
281,monchegorsk,67.9397,32.8739,-3.69,80,100,2.85,RU,1712496324
282,vilyuysk,63.7553,121.6247,-12.22,95,19,2.24,RU,1712496329
283,hadibu,12.65,54.0333,29.09,64,4,3.36,YE,1712496334
284,kidal,18.4411,1.4078,39.3,3,8,5.12,ML,1712496340
285,punta cardon,11.6581,-70.215,27.48,78,100,12.24,VE,1712496345
286,yanaul,56.2719,54.9309,4.07,99,100,3.02,RU,1712496353
287,malango,-2.9627,119.9001,20.83,99,100,0.7,ID,1712496360
288,kuala terengganu,5.3302,103.1408,29.97,84,40,1.54,MY,1712496369
289,el jadid,33.2549,-8.506,19.5,67,0,6.33,MA,1712496382
290,paramonga,-10.6667,-77.8333,22.06,89,100,2.6,PE,1712496392
291,santa ana,33.7456,-117.8678,10.29,74,20,0.0,US,1712496398
292,palma sola,-23.9634,-64.2987,22.11,98,100,1.47,AR,1712496403
293,vilyuchinsk,52.9306,158.4028,1.25,75,100,3.04,RU,1712496408
294,remire-montjoly,4.9167,-52.2667,31.02,66,75,5.66,GF,1712496260
295,codrington,-38.2667,141.9667,11.25,89,0,3.36,AU,1712496419
296,qui nhon,13.7667,109.2333,24.96,92,1,3.35,VN,1712496430
297,pasuquin,18.3328,120.6177,28.97,84,75,4.12,PH,1712496436
298,katsuren-haebaru,26.3369,127.8719,23.0,94,75,1.54,JP,1712496446
299,patnanungan,14.7833,122.1833,26.81,82,15,5.21,PH,1712496452
300,mikhaylovka,50.06,43.2379,18.77,45,100,3.48,RU,1712496457
301,namtsy,62.7161,129.6658,-14.45,98,77,2.12,RU,1712496468
302,cidreira,-30.1811,-50.2056,19.62,96,100,5.46,BR,1712496475
303,biryusinsk,55.9634,97.8235,7.24,96,100,3.76,RU,1712496480
304,kokshetau,53.2775,69.3883,2.18,87,100,5.0,KZ,1712496485
305,chimoio,-19.1164,33.4833,23.92,83,75,3.37,MZ,1712496491
306,kenai,60.5544,-151.2583,-0.48,100,100,4.12,US,1712496461
307,bonthe,7.5264,-12.505,31.46,61,80,1.42,SL,1712496504
308,chamical,-30.36,-66.314,22.01,73,0,1.65,AR,1712496509
309,nobeoka,32.5833,131.6667,15.98,91,98,1.22,JP,1712496516
310,samana,19.2056,-69.3369,27.12,94,40,0.0,DO,1712496522
311,egilsstadir,65.2653,-14.3948,-0.05,93,100,11.83,IS,1712496527
312,raduzhny,62.0961,77.475,-4.67,80,32,4.98,RU,1712496535
313,toliara,-23.35,43.6667,28.91,70,100,9.56,MG,1712496542
314,manteno,41.2506,-87.8314,8.36,78,100,5.14,US,1712496550
315,las veredas,23.1388,-109.7075,18.81,66,75,3.6,MX,1712496557
316,mangai,-4.05,19.5333,28.75,59,100,1.09,CD,1712496566
317,ingeniero jacobacci,-41.3427,-69.5448,10.52,69,100,1.48,AR,1712496574
318,grand falls-windsor,48.9332,-55.6649,3.06,79,99,3.13,CA,1712496580
319,nago,26.5881,127.9761,23.03,96,100,3.17,JP,1712496587
320,fomboni,-12.28,43.7425,29.5,71,94,3.83,KM,1712496595
321,alma,48.5501,-71.6491,2.83,76,27,1.39,CA,1712496424
322,kalmunai,7.4167,81.8167,28.49,76,33,4.02,LK,1712496611
323,minas de marcona,-15.2119,-75.1103,19.19,75,89,4.98,PE,1712496618
324,nenjiang,49.1833,125.2167,-7.18,53,80,4.96,CN,1712496624
325,joensuu,62.6012,29.7632,-0.73,93,100,8.23,FI,1712496560
326,diapaga,12.0708,1.7889,41.26,18,78,1.51,BF,1712496635
327,ust-nera,64.5667,143.2,-16.67,99,54,1.15,RU,1712496641
328,chui,-33.6971,-53.4616,18.27,83,100,2.3,UY,1712496646
329,bardai,11.65,7.2333,37.28,19,100,3.83,NG,1712496653
330,manismata,-2.4667,111.0333,24.84,97,91,1.4,ID,1712496659
331,olavarria,-36.8927,-60.3225,17.28,69,1,3.63,AR,1712496435
332,guateque,5.0062,-73.4727,17.76,55,99,0.76,CO,1712496481
333,mugia,43.1041,-9.2179,17.17,76,93,8.34,ES,1712496677
334,leava,-14.3,-178.1667,28.73,77,47,4.77,WF,1712496692
335,palmer,42.1584,-72.3287,5.85,63,100,6.69,US,1712496537
336,aykhal,66.0,111.5,-10.65,95,100,6.94,RU,1712496705
337,kargasok,59.0556,80.8572,-5.02,55,28,5.36,RU,1712496714
338,uliastay,47.7417,96.8444,5.13,43,99,0.82,MN,1712496733
339,athens,37.9795,23.7162,23.15,43,2,6.71,GR,1712496727
340,bel ombre,-4.6167,55.4167,28.91,84,40,2.06,SC,1712496756
341,moroto,2.5345,34.6666,26.81,46,100,3.08,UG,1712496766
342,bandarbeyla,9.4942,50.8122,28.16,73,83,5.08,SO,1712496779
343,greymouth,-42.4667,171.2,9.26,93,18,2.61,NZ,1712496788
344,nantucket,41.2835,-70.0995,4.44,87,100,7.72,US,1712496676
345,dhuusamarreeb,5.535,46.3861,36.97,20,3,4.47,SO,1712496643
346,mermoz boabab,14.7065,-17.4758,31.31,73,20,8.23,SN,1712496816
347,korla,41.7597,86.1469,16.55,25,75,0.88,CN,1712496826
348,gaspe,48.8334,-64.4819,1.12,80,75,3.09,CA,1712496804
349,novyy urgal,51.0736,132.5642,-6.34,65,100,2.91,RU,1712496838
350,tostado,-29.232,-61.7692,16.66,89,100,2.52,AR,1712496601
351,polyarnyy,69.1989,33.4478,-3.63,82,99,2.83,RU,1712496707
352,srivardhan,18.0333,73.0167,28.13,56,0,6.32,IN,1712496860
353,aasiaat,68.7098,-52.8699,-5.46,75,100,0.8,GL,1712496639
354,olonkinbyen,70.9221,-8.7187,-4.82,63,98,7.84,SJ,1712496646
355,eureka,40.8021,-124.1637,7.18,96,100,1.87,US,1712496775
356,khovd,48.0056,91.6419,6.61,66,90,2.73,MN,1712496885
357,sabirabad,40.0095,48.4752,16.9,51,99,4.06,AZ,1712496893
358,kutum,14.2,24.6667,32.82,9,79,4.97,SD,1712496913
359,baiti,13.745,-14.7482,38.79,11,5,2.4,SN,1712496921
360,macomb,40.4592,-90.6718,7.69,86,100,9.39,US,1712496929
361,mishan,45.55,131.8833,5.84,81,74,2.53,CN,1712496935
362,fort bragg,35.139,-79.006,12.3,57,0,2.68,US,1712496720
363,mount isa,-20.7333,139.5,20.87,52,55,4.63,AU,1712496946
364,chos malal,-37.3781,-70.2709,18.55,23,4,1.35,AR,1712496952
365,taltal,-25.4,-70.4833,20.0,69,0,2.71,CL,1712496621
366,merizo village,13.2658,144.6691,27.31,88,38,7.71,GU,1712496964
367,stawell,-37.05,142.7667,10.94,91,0,2.01,AU,1712496971
368,tallulah,32.4085,-91.1868,18.0,88,75,4.63,US,1712496978
369,chernyshevskiy,63.0128,112.4714,-4.35,95,100,4.51,RU,1712496969
370,sao vicente,-23.9631,-46.3919,27.93,54,75,4.12,BR,1712496831
371,st. john's,47.5649,-52.7093,3.97,81,75,8.23,CA,1712496898
372,tindouf,27.6711,-8.1474,31.25,23,20,9.26,DZ,1712497005
373,ulsteinvik,62.3432,5.8487,11.07,87,100,5.77,NO,1712497011
374,rudnichnyy,59.617,52.4703,0.97,98,100,2.42,RU,1712497019
375,shenjiamen,29.9576,122.298,12.48,98,100,1.86,CN,1712497025
376,vila franca do campo,37.7167,-25.4333,18.27,99,100,8.0,PT,1712497038
377,san julian,21.0167,-102.1667,16.37,41,34,1.16,MX,1712497045
378,kasongo-lunda,-6.4667,16.8167,26.75,86,100,0.19,CD,1712497052
379,lata,40.1629,-8.3327,20.51,47,100,4.33,PT,1712496822
380,san antonio de pale,-1.4014,5.6325,29.01,74,90,3.85,GQ,1712497067
381,alesund,62.4723,6.1549,11.08,66,75,9.26,NO,1712497074
382,guerrero negro,27.9769,-114.0611,14.32,51,0,4.26,MX,1712496946
383,miles city,46.4083,-105.8406,3.54,93,100,7.72,US,1712497094
384,hafnarfjordur,64.0671,-21.9377,2.93,48,40,9.77,IS,1712497099
385,santa luzia,-19.7697,-43.8514,25.5,70,40,3.6,BR,1712496862
386,micheweni,-4.9667,39.8333,29.26,75,89,5.36,TZ,1712497110
387,makueni boma,-1.8041,37.6203,24.2,72,100,2.55,KE,1712497117
388,holualoa,19.6228,-155.9522,20.91,94,75,2.57,US,1712497123
389,olinda,-8.0089,-34.8553,30.85,70,40,5.14,BR,1712497130
390,dawei,14.0833,98.2,26.38,82,2,1.41,MM,1712497142
391,banff,51.1762,-115.5698,0.21,93,99,0.0,CA,1712497134
392,ontario,34.0633,-117.6509,10.45,69,20,2.06,US,1712497050
393,bengkulu,-3.8004,102.2655,26.42,86,100,1.09,ID,1712497162
394,slave lake,55.2834,-114.769,-4.01,93,0,1.54,CA,1712497170
395,cabo san lucas,22.8909,-109.9124,19.17,73,75,3.09,MX,1712497177
396,guilin,25.2819,110.2864,16.06,91,100,2.38,CN,1712497183
397,kaliua,-5.0606,31.7936,24.28,80,100,1.03,TZ,1712497191
398,vallenar,-28.5708,-70.7581,22.61,45,0,1.63,CL,1712497198
399,santa fe do sul,-20.2111,-50.9258,29.61,57,36,3.8,BR,1712497205
400,bubaque,11.2833,-15.8333,25.71,56,83,3.55,GW,1712497219
401,vernon,50.2581,-119.2691,2.94,70,4,4.12,CA,1712497129
402,opuwo,-18.0607,13.84,32.62,30,93,5.67,,1712497232
403,port moresby,-9.4431,147.1797,26.11,85,100,1.32,PG,1712497238
404,bridgewater,44.3835,-64.5155,3.71,91,100,4.12,CA,1712497250
405,herkimer,43.0256,-74.986,8.13,65,6,2.24,US,1712497256
406,dan gora,11.5349,8.1522,38.8,13,100,3.18,NG,1712497262
407,bingol,38.8847,40.4939,12.02,72,100,7.05,TR,1712497272
408,mrakovo,52.7161,56.6244,5.29,98,100,1.39,RU,1712497278
409,dolinsk,47.35,142.8,3.18,77,4,3.04,RU,1712497285
410,northam,51.0333,-4.2167,14.66,90,96,11.55,GB,1712497293
411,conception bay south,47.4999,-52.9981,3.84,81,100,7.32,CA,1712497302
412,songea,-10.6833,35.65,28.64,54,40,6.17,TZ,1712497309
413,marsh harbour,26.5412,-77.0636,21.03,57,44,3.92,BS,1712497147
414,trairi,-3.2778,-39.2689,29.73,71,64,1.52,BR,1712497236
415,singapore,1.2897,103.8501,30.05,73,75,4.12,SG,1712497035
416,khasab,26.1799,56.2477,27.4,36,0,1.94,OM,1712497333
417,vanimo,-2.6741,141.3028,26.48,90,89,2.51,PG,1712497339
418,mahalapye,-23.1041,26.8142,24.46,52,100,8.28,BW,1712497350
419,polyarnyye zori,67.3661,32.4981,-3.9,88,100,1.62,RU,1712497355
420,sur,22.5667,59.5289,30.19,39,0,3.47,OM,1712497361
421,gereida,11.2811,25.1414,37.19,9,99,3.3,SD,1712497368
422,callao,-12.0667,-77.15,22.16,83,75,2.06,PE,1712497329
423,firmat,-33.4594,-61.4832,22.08,68,0,3.26,AR,1712497379
424,brookings,44.3114,-96.7984,6.21,88,100,8.75,US,1712497386
425,sarupathar,26.1984,93.8094,30.18,33,53,4.67,IN,1712497391
426,sretensk,52.2453,117.7093,-10.23,76,0,0.72,RU,1712497397
427,aktau,43.65,51.2,15.32,64,77,6.33,KZ,1712497403
428,hammerfest,70.6634,23.6821,-1.75,64,40,6.69,NO,1712497409
429,port arthur,38.8,121.2667,11.12,82,100,2.34,CN,1712497415
430,qa'en,33.7265,59.1844,21.55,23,48,5.98,IR,1712497421
431,chinde,26.8418,88.0763,22.62,19,97,2.87,NP,1712497425
432,as sulayyil,20.4607,45.5779,38.14,21,20,3.82,SA,1712497432
433,fortuna,40.5982,-124.1573,6.86,96,100,0.0,US,1712497438
434,urangan,-25.3,152.9,23.44,91,97,2.24,AU,1712497444
435,martapura,-3.4167,114.85,24.71,91,96,0.55,ID,1712497451
436,ninghai,29.2892,121.4247,13.0,98,100,0.95,CN,1712497462
437,sao felix do xingu,-6.6447,-51.995,24.94,91,100,0.41,BR,1712497468
438,guajara mirim,-10.7828,-65.3394,25.09,94,100,2.57,BR,1712497473
439,le port,-20.9373,55.2919,28.98,81,36,1.18,RE,1712497480
440,kendari,-3.945,122.4989,25.23,95,100,0.95,ID,1712497486
441,hotan,37.0997,79.9269,16.84,20,100,2.63,CN,1712497492
442,paita,-5.0892,-81.1144,23.25,72,72,4.02,PE,1712497497
443,dalhart,36.0595,-102.5133,4.71,35,0,6.69,US,1712497503
444,urucurituba,-2.6833,-57.6667,29.64,69,96,2.02,BR,1712497508
445,aibak,36.2647,68.0155,17.75,52,0,1.65,AF,1712497514
446,wellington,-41.2866,174.7756,11.59,87,0,2.57,NZ,1712497449
447,quellon,-43.1167,-73.6167,9.84,80,100,1.72,CL,1712497526
448,taro,-8.3862,115.28,25.0,100,100,0.85,ID,1712497532
449,mulayjah,27.271,48.4242,31.93,20,79,5.43,SA,1712497363
450,asadabad,34.7824,48.1185,22.97,28,87,4.6,IR,1712497546
451,tshikapa,-6.4167,20.8,28.8,62,70,2.02,CD,1712497554
452,pikeville,37.4793,-82.5188,7.77,70,0,0.0,US,1712497570
453,imbituba,-28.24,-48.6703,24.36,70,100,6.42,BR,1712497445
454,brisas de zicatela,15.8369,-97.0419,28.3,57,0,2.47,MX,1712497588
455,mtambile,-5.3833,39.7,28.68,77,99,5.74,TZ,1712497594
456,ak'ordat,15.5486,37.8867,38.66,17,13,7.23,ER,1712497600
457,khandyga,62.6667,135.6,-7.6,98,100,1.18,RU,1712497605
458,san pedro pochutla,15.7333,-96.4667,25.84,50,0,2.22,MX,1712497602
459,caleta de carquin,-11.0925,-77.6267,22.76,85,100,3.18,PE,1712497616
460,vredendal,-31.6683,18.5012,16.08,83,99,7.52,ZA,1712497623
461,vologda,59.2187,39.8886,5.31,52,19,3.58,RU,1712497630
462,sirte,31.2089,16.5887,21.1,40,0,4.53,LY,1712497637
463,la passe,45.5549,-0.8967,20.13,87,100,8.65,FR,1712497649
464,duekoue,6.7472,-7.3496,34.32,47,100,0.74,CI,1712497658
465,nikolayevsk-on-amure,53.1406,140.73,-0.44,93,100,3.13,RU,1712497668
466,fale old settlement,-9.3852,-171.2468,29.2,74,6,1.89,TK,1712497681
467,nova vicosa,-17.8919,-39.3719,27.98,58,96,3.48,BR,1712497687
468,gulu,2.7746,32.299,21.86,91,100,3.14,UG,1712497396
469,miquelon,47.0975,-56.3814,3.0,79,100,12.82,PM,1712497700
470,amble,55.3333,-1.5833,15.17,58,20,14.92,GB,1712497706
471,belvedere marittimo,39.6179,15.8617,17.89,73,8,1.14,IT,1712497712
472,flying fish cove,-10.4217,105.6791,26.82,89,100,4.12,CX,1712497718
473,dehdasht,30.7949,50.5646,23.99,29,100,1.58,IR,1712497724
474,fada,9.5667,8.3,39.94,14,81,2.29,NG,1712497729
475,vargem grande,-3.5431,-43.9158,23.5,98,100,0.41,BR,1712497735
476,zhanaozen,43.3,52.8,19.1,32,99,3.08,KZ,1712497750
477,boundiali,9.5217,-6.4869,29.86,58,100,1.51,CI,1712497755
478,harstad,68.799,16.5293,0.64,83,100,9.83,NO,1712497761
479,haiku-pauwela,20.9219,-156.3051,20.58,85,0,3.58,US,1712497586
480,saint-philippe,-21.3585,55.7679,27.77,82,34,2.2,RE,1712497772
481,colonia,50.9333,6.95,24.42,44,0,5.14,DE,1712497704
482,plettenberg bay,-34.0527,23.3716,17.88,91,95,9.81,ZA,1712497784
483,kolonia,50.9333,6.95,24.42,44,0,5.14,DE,1712497790
484,piacabucu,-10.4056,-36.4344,30.83,64,25,3.71,BR,1712497796
485,titao,13.7667,-2.0667,40.11,16,100,2.08,BF,1712497801
486,zaozersk,69.4005,32.4476,-3.7,85,100,2.93,RU,1712497807
487,concordia,-31.393,-58.0209,20.99,75,75,2.68,AR,1712497812
488,afaahiti,-17.75,-149.2833,25.93,84,100,5.4,PF,1712497817
489,plastun,44.7561,136.2939,4.18,58,7,1.43,RU,1712497823
490,tauranga,-37.6861,176.1667,13.3,87,100,1.62,NZ,1712497800
491,baise city,23.8997,106.6133,21.3,99,100,1.24,CN,1712497835
492,zabaykal'sk,49.6333,117.3167,-5.43,28,0,0.79,RU,1712497840
493,forster,-32.1667,152.5167,17.38,100,0,2.12,AU,1712497846
494,vorkuta,67.5,64.0,-7.16,87,100,6.71,RU,1712497852
495,kehychivka,49.2866,35.7615,18.47,47,100,3.04,UA,1712497857
496,asau,46.4333,26.4,18.51,51,98,3.02,RO,1712497862
497,kayangel,8.0823,134.7173,28.45,70,48,7.64,PW,1712497868
498,mukalla,14.5425,49.1242,28.3,56,7,2.58,YE,1712497873
499,barra de santo antonio,-9.4047,-35.5072,30.6,70,100,3.1,BR,1712497879
500,chipinge,-20.1883,32.6236,21.96,77,100,3.37,ZW,1712497884
501,sao raimundo das mangabeiras,-7.0219,-45.4811,29.4,72,85,0.99,BR,1712497890
502,tuapse,44.1125,39.0742,18.17,47,1,9.34,RU,1712497684
503,bandiagara,14.3501,-3.6104,41.13,11,18,2.38,ML,1712497901
504,juegang,32.3174,121.1855,9.02,90,100,4.13,CN,1712497906
505,soe,-9.8607,124.284,20.28,97,76,1.41,ID,1712497913
506,midvagur,62.0511,-7.1939,7.46,87,100,11.83,FO,1712497918
507,mar del plata,-38.0023,-57.5575,23.38,67,0,5.14,AR,1712497730
508,vila velha,-20.3297,-40.2925,29.42,74,40,3.6,BR,1712497648
509,unai,-16.3575,-46.9061,27.58,64,41,2.8,BR,1712497711
510,rolla,37.9514,-91.7713,16.03,62,21,8.49,US,1712497706
511,whangarei,-35.7317,174.3239,12.45,93,10,1.07,NZ,1712497949
512,sao joao da barra,-21.6403,-41.0511,29.05,70,0,0.63,BR,1712497955
513,maun,-19.9833,23.4167,32.39,27,100,0.67,BW,1712497960
514,oranjemund,-28.55,16.4333,17.42,71,4,5.48,,1712497966
515,nagqu,31.5,92.0,1.9,19,99,3.83,CN,1712497970
516,darhan,49.4867,105.9228,8.48,58,54,1.61,MN,1712497974
517,wau,7.7029,27.9953,33.53,39,95,5.0,SS,1712497978
518,villa gesell,-37.2639,-56.973,21.44,64,5,5.8,AR,1712497982
519,siwa oasis,29.2041,25.5195,27.78,17,0,6.85,EG,1712497986
520,san luis de la loma,17.2706,-100.8939,27.77,45,0,0.92,MX,1712497993
521,saint-leu,-21.15,55.2833,28.46,82,21,2.51,RE,1712497997
522,verkhniy ufaley,56.0567,60.2306,1.86,92,100,3.34,RU,1712498001
523,yanykurgan,43.915,67.2481,19.28,36,77,1.62,KZ,1712498005
524,santa terezinha,-29.9002,-50.0904,19.09,96,100,2.53,BR,1712498009
525,marovoay,-16.1,46.6333,32.08,57,7,1.08,MG,1712498013
526,antsiranana,-12.2787,49.2917,29.42,70,40,4.12,MG,1712498017
527,chonchi,-42.6128,-73.8092,10.62,93,100,0.71,CL,1712498021
528,kentville,45.0835,-64.4988,4.11,84,100,4.12,CA,1712498024
529,boumagueur,35.5052,5.5525,27.82,11,92,4.53,DZ,1712498028
530,shagonar,51.5333,92.8,6.99,80,100,0.63,RU,1712498032
531,meadow lake,34.8014,-106.5436,4.16,40,0,2.14,US,1712498036
532,rensselaer,42.7168,-73.4829,4.47,75,85,4.42,US,1712498006
533,yichang,30.7144,111.2847,17.13,76,86,0.25,CN,1712498044
534,bukoba,-1.3317,31.8122,23.99,69,40,2.57,TZ,1712498048
535,rajaldesar,28.0333,74.4667,29.61,10,4,2.23,IN,1712498051
536,robit,12.0167,39.6333,26.43,49,73,1.4,ET,1712498055
537,anshun,26.25,105.9333,11.44,85,100,3.54,CN,1712498059
538,cox's bazar,21.4532,91.9798,26.43,92,1,2.53,BD,1712497859
539,katsuura,35.1333,140.3,16.47,94,100,1.59,JP,1712498067
540,saint-denis,48.9167,2.3333,19.49,67,100,4.12,FR,1712498071
541,yangquan,37.8575,113.5633,17.27,45,94,0.73,CN,1712497861
542,yanchep,-31.55,115.6833,27.07,38,4,8.38,AU,1712498078
543,anloga,5.7947,0.8973,31.08,69,45,6.8,GH,1712498083
544,graaff-reinet,-32.2522,24.5308,18.3,76,99,6.35,ZA,1712498086
545,saraipali,21.3333,83.0,31.15,29,40,2.82,IN,1712498090
546,zhytkavichy,52.2168,27.8561,15.77,56,100,1.88,BY,1712498094
547,margate,51.3813,1.3862,16.5,56,100,7.6,GB,1712498098
548,zinjibar,13.1287,45.3807,29.46,60,11,5.7,YE,1712498102
549,port douglas,-16.4833,145.4667,26.71,78,99,1.49,AU,1712498106
550,sungai raya,0.7,108.9,27.16,80,100,1.86,ID,1712498110
551,hazard,37.2495,-83.1932,7.83,54,0,1.8,US,1712498086
552,ergani,38.2653,39.7621,11.0,92,100,4.02,TR,1712498117
553,zyryanovsk,49.7386,84.2719,0.12,96,98,0.68,KZ,1712498121
554,krasnoufimsk,56.6059,57.7669,2.46,98,100,2.25,RU,1712498125
555,chengdu,30.6667,104.0667,14.94,88,20,2.0,CN,1712498031
556,susuman,62.7833,148.1667,-20.57,100,79,0.89,RU,1712498133
557,kingston,17.997,-76.7936,29.53,72,20,3.6,JM,1712498090
558,beni,0.5,29.4667,19.08,99,100,0.36,CD,1712498141
559,meadow lakes,61.6247,-149.6011,-1.05,87,100,1.79,US,1712498145
560,fort mcmurray,56.7268,-111.381,0.77,93,100,1.54,CA,1712498149
561,seydi,39.4816,62.9137,24.04,19,78,3.26,TM,1712498153
562,lompoc,34.6391,-120.4579,10.43,84,0,4.47,US,1712498157
563,cleveland,41.4995,-81.6954,10.05,69,0,0.89,US,1712497950
564,es castell,39.8795,4.2854,22.38,60,0,5.14,ES,1712498164
565,guanare,9.0418,-69.7421,31.65,46,99,2.09,VE,1712498168
566,fuglafjordur,62.244,-6.814,7.26,96,100,17.07,FO,1712498172
567,atafu village,-8.5421,-172.5159,29.32,74,97,2.12,TK,1712498136
568,al mindak,20.1588,41.2834,22.78,48,57,6.35,SA,1712498184
569,aketi,2.7388,23.7833,23.09,94,100,0.27,CD,1712498188
570,aras-asan,8.8908,126.3033,25.27,80,33,1.16,PH,1712498192
571,westport,41.1415,-73.3579,8.94,57,0,4.63,US,1712498196
572,kuanda,56.3161,116.0806,-16.82,80,7,1.18,RU,1712498200
573,eastham,41.8301,-69.9739,4.48,90,100,6.26,US,1712498035
574,velikiye luki,56.34,30.5452,13.1,69,92,4.55,RU,1712498208
575,essaouira,31.5125,-9.77,22.72,64,0,9.77,MA,1712498212
576,sandnessjoen,66.0217,12.6316,11.06,62,75,6.17,NO,1712498145
577,kruisfontein,-34.0033,24.7314,18.82,79,97,9.8,ZA,1712498220
578,lazaro cardenas,17.9583,-102.2,24.75,43,1,1.26,MX,1712498224
579,rumoi,43.9344,141.6428,6.5,82,37,2.4,JP,1712498228
580,mopti,14.6667,-4.0,39.8,8,86,1.89,ML,1712498232
581,jiexiu,37.0244,111.9125,15.82,55,99,2.19,CN,1712498236
582,katima mulilo,-17.5,24.2667,24.73,66,100,2.27,,1712498240
583,santa flavia,38.085,13.5351,28.57,40,0,3.13,IT,1712498244
584,hajin,34.6927,40.827,25.9,22,0,8.08,SY,1712498247
585,cockburn town,21.4612,-71.1419,24.81,79,40,5.04,TC,1712497977
586,novodvinsk,64.4165,40.8122,-2.14,93,100,2.19,RU,1712498047
587,puerto deseado,-47.7503,-65.8938,12.43,48,69,9.53,AR,1712498258
588,selfoss,63.9331,-20.9971,2.25,43,100,14.0,IS,1712498263
589,boromo,11.75,-2.9333,40.34,22,100,2.86,BF,1712498267
590,beau vallon,-20.4189,57.6953,29.13,79,40,3.09,MU,1712498253
591,abashiri,44.0213,144.2697,6.15,94,1,4.88,JP,1712498275
592,las terrenas,19.311,-69.5428,26.93,94,40,0.0,DO,1712498278
593,evanston,42.0411,-87.6901,8.94,64,75,3.6,US,1712498258
594,buchach,49.0625,25.388,18.54,42,55,2.3,UA,1712498286
595,huarmey,-10.0681,-78.1522,23.32,83,99,3.11,PE,1712498290
596,burang,30.25,81.1667,-9.51,68,0,2.86,CN,1712498294
597,magong,23.5654,119.5863,22.28,99,100,4.43,TW,1712498297
598,argostolion,38.1811,20.489,18.09,80,38,5.41,GR,1712498301
